note*:,,,,,,,,,,,
The forecast results are calculated by using the models which were build based on the final updated bike-sharing data(update until May 24th),,,,,,,,,,,
UpperBound: We use a 90% confident interval meaning the probability that the actual values are higher than the upper bound is 5%,,,,,,,,,,,
                        (and lower than the lower bound is also 5%). Assuming residuals are normally distributed),,,,,,,,,,,
,,,,,,,,,,,
,,,,,,,,,,,
name,date,the forecast,UpperBound  ,,,,,,,,
Casino,25/05/2022 00:00,3.073638031,10.12596574,,,,,,,,
Casino,25/05/2022 00:10,3.078059321,10.14386613,,,,,,,,
Casino,25/05/2022 00:20,3.078059321,10.15731958,,,,,,,,
Casino,25/05/2022 00:30,3.078059321,10.1707475,,,,,,,,
Casino,25/05/2022 00:40,3.078059321,10.18415005,,,,,,,,
Casino,25/05/2022 00:50,3.078059321,10.19752737,,,,,,,,
Casino,25/05/2022 01:00,3.078059321,10.2108796,,,,,,,,
Casino,25/05/2022 01:10,3.076744533,10.22289209,,,,,,,,
Casino,25/05/2022 01:20,3.076744533,10.23619457,,,,,,,,
Casino,25/05/2022 01:30,3.076744533,10.24947237,,,,,,,,
Casino,25/05/2022 01:40,3.076744533,10.26272564,,,,,,,,
Casino,25/05/2022 01:50,3.076744533,10.27595451,,,,,,,,
Casino,25/05/2022 02:00,3.076744533,10.28915912,,,,,,,,
Casino,25/05/2022 02:10,3.077348215,10.30294327,,,,,,,,
Casino,25/05/2022 02:20,3.077348215,10.31609975,,,,,,,,
Casino,25/05/2022 02:30,3.077348215,10.32923236,,,,,,,,
Casino,25/05/2022 02:40,3.077348215,10.34234123,,,,,,,,
Casino,25/05/2022 02:50,3.077348215,10.35542649,,,,,,,,
Casino,25/05/2022 03:00,3.077348215,10.36848826,,,,,,,,
Casino,25/05/2022 03:10,3.077348215,10.38152668,,,,,,,,
Casino,25/05/2022 03:20,3.077348215,10.39454186,,,,,,,,
Casino,25/05/2022 03:30,3.077348215,10.40753393,,,,,,,,
Casino,25/05/2022 03:40,3.077348215,10.42050302,,,,,,,,
Casino,25/05/2022 03:50,3.077348215,10.43344924,,,,,,,,
Casino,25/05/2022 04:00,3.077348215,10.44637272,,,,,,,,
Casino,25/05/2022 04:10,3.077338549,10.45926391,,,,,,,,
Casino,25/05/2022 04:20,3.077338549,10.47214225,,,,,,,,
Casino,25/05/2022 04:30,3.077338549,10.48499821,,,,,,,,
Casino,25/05/2022 04:40,3.077338549,10.4978319,,,,,,,,
Casino,25/05/2022 04:50,3.077338549,10.51064342,,,,,,,,
Casino,25/05/2022 05:00,3.077338549,10.52343291,,,,,,,,
Casino,25/05/2022 05:10,3.079247354,10.53810927,,,,,,,,
Casino,25/05/2022 05:20,3.079247354,10.550855,,,,,,,,
Casino,25/05/2022 05:30,3.079247354,10.56357903,,,,,,,,
Casino,25/05/2022 05:40,3.079247354,10.57628147,,,,,,,,
Casino,25/05/2022 05:50,3.079247354,10.58896242,,,,,,,,
Casino,25/05/2022 06:00,3.079247354,10.60162199,,,,,,,,
Casino,25/05/2022 06:10,3.080352676,10.61536562,,,,,,,,
Casino,25/05/2022 06:20,3.080352676,10.62798276,,,,,,,,
Casino,25/05/2022 06:30,3.080352676,10.64057884,,,,,,,,
Casino,25/05/2022 06:40,3.080352676,10.65315398,,,,,,,,
Casino,25/05/2022 06:50,3.080352676,10.66570826,,,,,,,,
Casino,25/05/2022 07:00,3.080352676,10.67824181,,,,,,,,
Casino,25/05/2022 07:10,3.074022581,10.68442461,,,,,,,,
Casino,25/05/2022 07:20,3.074022581,10.69691697,,,,,,,,
Casino,25/05/2022 07:30,3.074022581,10.70938889,,,,,,,,
Casino,25/05/2022 07:40,3.074022581,10.72184048,,,,,,,,
Casino,25/05/2022 07:50,3.074022581,10.73427182,,,,,,,,
Casino,25/05/2022 08:00,3.074022581,10.74668302,,,,,,,,
Casino,25/05/2022 08:10,3.064249762,10.74930136,,,,,,,,
Casino,25/05/2022 08:20,3.064249762,10.76167257,,,,,,,,
Casino,25/05/2022 08:30,3.064249762,10.77402393,,,,,,,,
Casino,25/05/2022 08:40,3.064249762,10.78635554,,,,,,,,
Casino,25/05/2022 08:50,3.064249762,10.79866748,,,,,,,,
Casino,25/05/2022 09:00,3.064249762,10.81095986,,,,,,,,
Casino,25/05/2022 09:10,3.052183588,10.81116658,,,,,,,,
Casino,25/05/2022 09:20,3.052183588,10.8234201,,,,,,,,
Casino,25/05/2022 09:30,3.052183588,10.83565433,,,,,,,,
Casino,25/05/2022 09:40,3.052183588,10.84786936,,,,,,,,
Casino,25/05/2022 09:50,3.052183588,10.86006528,,,,,,,,
Casino,25/05/2022 10:00,3.052183588,10.87224217,,,,,,,,
Casino,25/05/2022 10:10,3.040034704,10.87225126,,,,,,,,
Casino,25/05/2022 10:20,3.040034704,10.88439038,,,,,,,,
Casino,25/05/2022 10:30,3.040034704,10.89651075,,,,,,,,
Casino,25/05/2022 10:40,3.040034704,10.90861244,,,,,,,,
Casino,25/05/2022 10:50,3.040034704,10.92069556,,,,,,,,
Casino,25/05/2022 11:00,3.040034704,10.93276017,,,,,,,,
Casino,25/05/2022 11:10,3.031182456,10.93595413,,,,,,,,
Casino,25/05/2022 11:20,3.031182456,10.947982,,,,,,,,
Casino,25/05/2022 11:30,3.031182456,10.95999162,,,,,,,,
Casino,25/05/2022 11:40,3.031182456,10.97198309,,,,,,,,
Casino,25/05/2022 11:50,3.031182456,10.98395647,,,,,,,,
Casino,25/05/2022 12:00,3.031182456,10.99591185,,,,,,,,
Casino,25/05/2022 12:10,3.023664329,11.00033119,,,,,,,,
Casino,25/05/2022 12:20,3.023664329,11.01225081,,,,,,,,
Casino,25/05/2022 12:30,3.023664329,11.02415268,,,,,,,,
Casino,25/05/2022 12:40,3.023664329,11.03603687,,,,,,,,
Casino,25/05/2022 12:50,3.023664329,11.04790345,,,,,,,,
Casino,25/05/2022 13:00,3.023664329,11.05975252,,,,,,,,
Casino,25/05/2022 13:10,3.016730551,11.06465036,,,,,,,,
Casino,25/05/2022 13:20,3.016730551,11.07646461,,,,,,,,
Casino,25/05/2022 13:30,3.016730551,11.08826156,,,,,,,,
Casino,25/05/2022 13:40,3.016730551,11.1000413,,,,,,,,
Casino,25/05/2022 13:50,3.016730551,11.1118039,,,,,,,,
Casino,25/05/2022 14:00,3.016730551,11.12354943,,,,,,,,
Casino,25/05/2022 14:10,3.009714064,11.12826148,,,,,,,,
Casino,25/05/2022 14:20,3.009714064,11.1399731,,,,,,,,
Casino,25/05/2022 14:30,3.009714064,11.15166788,,,,,,,,
Casino,25/05/2022 14:40,3.009714064,11.16334588,,,,,,,,
Casino,25/05/2022 14:50,3.009714064,11.17500717,,,,,,,,
Casino,25/05/2022 15:00,3.009714064,11.18665184,,,,,,,,
Casino,25/05/2022 15:10,3.005794414,11.1943603,,,,,,,,
Casino,25/05/2022 15:20,3.005794414,11.20597192,,,,,,,,
Casino,25/05/2022 15:30,3.005794414,11.21756712,,,,,,,,
Casino,25/05/2022 15:40,3.005794414,11.22914597,,,,,,,,
Casino,25/05/2022 15:50,3.005794414,11.24070853,,,,,,,,
Casino,25/05/2022 16:00,3.005794414,11.25225489,,,,,,,,
Casino,25/05/2022 16:10,3.008297235,11.26628793,,,,,,,,
Casino,25/05/2022 16:20,3.008297235,11.27780206,,,,,,,,
Casino,25/05/2022 16:30,3.008297235,11.28930019,,,,,,,,
Casino,25/05/2022 16:40,3.008297235,11.30078237,,,,,,,,
Casino,25/05/2022 16:50,3.008297235,11.31224868,,,,,,,,
Casino,25/05/2022 17:00,3.008297235,11.32369917,,,,,,,,
Casino,25/05/2022 17:10,3.012134175,11.33897087,,,,,,,,
Casino,25/05/2022 17:20,3.012134175,11.35038993,,,,,,,,
Casino,25/05/2022 17:30,3.012134175,11.36179339,,,,,,,,
Casino,25/05/2022 17:40,3.012134175,11.37318129,,,,,,,,
Casino,25/05/2022 17:50,3.012134175,11.38455369,,,,,,,,
Casino,25/05/2022 18:00,3.012134175,11.39591068,,,,,,,,
Casino,25/05/2022 18:10,3.014344821,11.40946294,,,,,,,,
Casino,25/05/2022 18:20,3.014344821,11.42078926,,,,,,,,
Casino,25/05/2022 18:30,3.014344821,11.43210034,,,,,,,,
Casino,25/05/2022 18:40,3.014344821,11.44339624,,,,,,,,
Casino,25/05/2022 18:50,3.014344821,11.45467702,,,,,,,,
Casino,25/05/2022 19:00,3.014344821,11.46594274,,,,,,,,
Casino,25/05/2022 19:10,3.023352822,11.48620147,,,,,,,,
Casino,25/05/2022 19:20,3.023352822,11.49743726,,,,,,,,
Casino,25/05/2022 19:30,3.023352822,11.50865818,,,,,,,,
Casino,25/05/2022 19:40,3.023352822,11.51986427,,,,,,,,
Casino,25/05/2022 19:50,3.023352822,11.53105561,,,,,,,,
Casino,25/05/2022 20:00,3.023352822,11.54223224,,,,,,,,
Casino,25/05/2022 20:10,3.036149434,11.56619084,,,,,,,,
Casino,25/05/2022 20:20,3.036149434,11.57733824,,,,,,,,
Casino,25/05/2022 20:30,3.036149434,11.58847111,,,,,,,,
Casino,25/05/2022 20:40,3.036149434,11.5995895,,,,,,,,
Casino,25/05/2022 20:50,3.036149434,11.61069348,,,,,,,,
Casino,25/05/2022 21:00,3.036149434,11.6217831,,,,,,,,
Casino,25/05/2022 21:10,3.044597799,11.64130678,,,,,,,,
Casino,25/05/2022 21:20,3.044597799,11.65236785,,,,,,,,
Casino,25/05/2022 21:30,3.044597799,11.66341471,,,,,,,,
Casino,25/05/2022 21:40,3.044597799,11.67444744,,,,,,,,
Casino,25/05/2022 21:50,3.044597799,11.68546608,,,,,,,,
Casino,25/05/2022 22:00,3.044597799,11.69647069,,,,,,,,
Casino,25/05/2022 22:10,3.050553009,11.71341653,,,,,,,,
Casino,25/05/2022 22:20,3.050553009,11.72439323,,,,,,,,
Casino,25/05/2022 22:30,3.050553009,11.73535606,,,,,,,,
Casino,25/05/2022 22:40,3.050553009,11.74630507,,,,,,,,
Casino,25/05/2022 22:50,3.050553009,11.75724031,,,,,,,,
Casino,25/05/2022 23:00,3.050553009,11.76816183,,,,,,,,
Casino,25/05/2022 23:10,3.0549743,11.78349098,,,,,,,,
Casino,25/05/2022 23:20,3.0549743,11.79438522,,,,,,,,
Casino,25/05/2022 23:30,3.0549743,11.8052659,,,,,,,,
Casino,25/05/2022 23:40,3.0549743,11.81613306,,,,,,,,
Casino,25/05/2022 23:50,3.0549743,11.82698677,,,,,,,,
Dufour,25/05/2022 00:00,1.000074505,3.602487358,,,,,,,,
Dufour,25/05/2022 00:10,1.000074505,3.61566189,,,,,,,,
Dufour,25/05/2022 00:20,1.000074506,3.628770364,,,,,,,,
Dufour,25/05/2022 00:30,1.000074506,3.641813766,,,,,,,,
Dufour,25/05/2022 00:40,1.000074506,3.654793059,,,,,,,,
Dufour,25/05/2022 00:50,1.000074506,3.66770918,,,,,,,,
Dufour,25/05/2022 01:00,1.000074506,3.680563045,,,,,,,,
Dufour,25/05/2022 01:10,1.000074506,3.693355548,,,,,,,,
Dufour,25/05/2022 01:20,1.000074506,3.706087562,,,,,,,,
Dufour,25/05/2022 01:30,1.000074507,3.718759936,,,,,,,,
Dufour,25/05/2022 01:40,1.000074507,3.731373504,,,,,,,,
Dufour,25/05/2022 01:50,1.000074507,3.743929076,,,,,,,,
Dufour,25/05/2022 02:00,1.000074507,3.756427448,,,,,,,,
Dufour,25/05/2022 02:10,1.000074507,3.768869394,,,,,,,,
Dufour,25/05/2022 02:20,1.000074507,3.781255674,,,,,,,,
Dufour,25/05/2022 02:30,1.000074507,3.793587027,,,,,,,,
Dufour,25/05/2022 02:40,1.000074507,3.805864179,,,,,,,,
Dufour,25/05/2022 02:50,1.000074507,3.818087839,,,,,,,,
Dufour,25/05/2022 03:00,1.000074507,3.8302587,,,,,,,,
Dufour,25/05/2022 03:10,1.000074507,3.842377442,,,,,,,,
Dufour,25/05/2022 03:20,1.000074507,3.854444729,,,,,,,,
Dufour,25/05/2022 03:30,1.000074507,3.866461211,,,,,,,,
Dufour,25/05/2022 03:40,1.000074507,3.878427524,,,,,,,,
Dufour,25/05/2022 03:50,1.000074507,3.890344292,,,,,,,,
Dufour,25/05/2022 04:00,1.000074507,3.902212126,,,,,,,,
Dufour,25/05/2022 04:10,1.000074507,3.914031623,,,,,,,,
Dufour,25/05/2022 04:20,1.000074507,3.92580337,,,,,,,,
Dufour,25/05/2022 04:30,1.000074507,3.937527941,,,,,,,,
Dufour,25/05/2022 04:40,1.000074507,3.949205899,,,,,,,,
Dufour,25/05/2022 04:50,1.000074507,3.960837795,,,,,,,,
Dufour,25/05/2022 05:00,1.000074507,3.972424171,,,,,,,,
Dufour,25/05/2022 05:10,1.000074507,3.983965557,,,,,,,,
Dufour,25/05/2022 05:20,1.000074507,3.995462472,,,,,,,,
Dufour,25/05/2022 05:30,1.000074507,4.006915428,,,,,,,,
Dufour,25/05/2022 05:40,1.000074507,4.018324925,,,,,,,,
Dufour,25/05/2022 05:50,1.000074507,4.029691453,,,,,,,,
Dufour,25/05/2022 06:00,1.000074507,4.041015494,,,,,,,,
Dufour,25/05/2022 06:10,1.000074507,4.052297522,,,,,,,,
Dufour,25/05/2022 06:20,1.000074507,4.063538001,,,,,,,,
Dufour,25/05/2022 06:30,1.000074507,4.074737387,,,,,,,,
Dufour,25/05/2022 06:40,1.000074507,4.085896127,,,,,,,,
Dufour,25/05/2022 06:50,1.000074507,4.097014659,,,,,,,,
Dufour,25/05/2022 07:00,1.000074507,4.108093417,,,,,,,,
Dufour,25/05/2022 07:10,1.000074507,4.119132824,,,,,,,,
Dufour,25/05/2022 07:20,1.000074507,4.130133295,,,,,,,,
Dufour,25/05/2022 07:30,1.000074507,4.141095241,,,,,,,,
Dufour,25/05/2022 07:40,1.000074507,4.152019063,,,,,,,,
Dufour,25/05/2022 07:50,1.000074507,4.162905157,,,,,,,,
Dufour,25/05/2022 08:00,1.000074507,4.17375391,,,,,,,,
Dufour,25/05/2022 08:10,1.000074507,4.184565704,,,,,,,,
Dufour,25/05/2022 08:20,1.000074507,4.195340914,,,,,,,,
Dufour,25/05/2022 08:30,1.000074507,4.20607991,,,,,,,,
Dufour,25/05/2022 08:40,1.000074507,4.216783054,,,,,,,,
Dufour,25/05/2022 08:50,1.000074507,4.227450702,,,,,,,,
Dufour,25/05/2022 09:00,1.000074507,4.238083206,,,,,,,,
Dufour,25/05/2022 09:10,1.000074507,4.24868091,,,,,,,,
Dufour,25/05/2022 09:20,1.000074507,4.259244154,,,,,,,,
Dufour,25/05/2022 09:30,1.000074507,4.269773273,,,,,,,,
Dufour,25/05/2022 09:40,1.000074507,4.280268594,,,,,,,,
Dufour,25/05/2022 09:50,1.000074507,4.290730441,,,,,,,,
Dufour,25/05/2022 10:00,1.000074507,4.301159132,,,,,,,,
Dufour,25/05/2022 10:10,1.000074507,4.311554981,,,,,,,,
Dufour,25/05/2022 10:20,1.000074507,4.321918296,,,,,,,,
Dufour,25/05/2022 10:30,1.000074507,4.33224938,,,,,,,,
Dufour,25/05/2022 10:40,1.000074507,4.342548532,,,,,,,,
Dufour,25/05/2022 10:50,1.000074507,4.352816047,,,,,,,,
Dufour,25/05/2022 11:00,1.000074507,4.363052215,,,,,,,,
Dufour,25/05/2022 11:10,1.000074507,4.37325732,,,,,,,,
Dufour,25/05/2022 11:20,1.000074507,4.383431644,,,,,,,,
Dufour,25/05/2022 11:30,1.000074507,4.393575464,,,,,,,,
Dufour,25/05/2022 11:40,1.000074507,4.403689052,,,,,,,,
Dufour,25/05/2022 11:50,1.000074507,4.413772677,,,,,,,,
Dufour,25/05/2022 12:00,1.000074507,4.423826604,,,,,,,,
Dufour,25/05/2022 12:10,1.000074507,4.433851094,,,,,,,,
Dufour,25/05/2022 12:20,1.000074507,4.443846403,,,,,,,,
Dufour,25/05/2022 12:30,1.000074507,4.453812786,,,,,,,,
Dufour,25/05/2022 12:40,1.000074507,4.463750492,,,,,,,,
Dufour,25/05/2022 12:50,1.000074507,4.473659766,,,,,,,,
Dufour,25/05/2022 13:00,1.000074507,4.483540852,,,,,,,,
Dufour,25/05/2022 13:10,1.000074507,4.493393989,,,,,,,,
Dufour,25/05/2022 13:20,1.000074507,4.503219413,,,,,,,,
Dufour,25/05/2022 13:30,1.000074507,4.513017356,,,,,,,,
Dufour,25/05/2022 13:40,1.000074507,4.522788047,,,,,,,,
Dufour,25/05/2022 13:50,1.000074507,4.532531713,,,,,,,,
Dufour,25/05/2022 14:00,1.000074507,4.542248576,,,,,,,,
Dufour,25/05/2022 14:10,1.000074507,4.551938857,,,,,,,,
Dufour,25/05/2022 14:20,1.000074507,4.561602773,,,,,,,,
Dufour,25/05/2022 14:30,1.000074507,4.571240537,,,,,,,,
Dufour,25/05/2022 14:40,1.000074507,4.580852361,,,,,,,,
Dufour,25/05/2022 14:50,1.000074507,4.590438453,,,,,,,,
Dufour,25/05/2022 15:00,1.000074507,4.599999019,,,,,,,,
Dufour,25/05/2022 15:10,1.000074507,4.609534261,,,,,,,,
Dufour,25/05/2022 15:20,1.000074507,4.61904438,,,,,,,,
Dufour,25/05/2022 15:30,1.000074507,4.628529573,,,,,,,,
Dufour,25/05/2022 15:40,1.000074507,4.637990036,,,,,,,,
Dufour,25/05/2022 15:50,1.000074507,4.64742596,,,,,,,,
Dufour,25/05/2022 16:00,1.000074507,4.656837536,,,,,,,,
Dufour,25/05/2022 16:10,1.000074507,4.66622495,,,,,,,,
Dufour,25/05/2022 16:20,1.000074507,4.675588389,,,,,,,,
Dufour,25/05/2022 16:30,1.000074507,4.684928035,,,,,,,,
Dufour,25/05/2022 16:40,1.000074507,4.694244069,,,,,,,,
Dufour,25/05/2022 16:50,1.000074507,4.703536668,,,,,,,,
Dufour,25/05/2022 17:00,1.000074507,4.712806009,,,,,,,,
Dufour,25/05/2022 17:10,1.000074507,4.722052265,,,,,,,,
Dufour,25/05/2022 17:20,1.000074507,4.731275608,,,,,,,,
Dufour,25/05/2022 17:30,1.000074507,4.740476207,,,,,,,,
Dufour,25/05/2022 17:40,1.000074507,4.749654231,,,,,,,,
Dufour,25/05/2022 17:50,1.000074507,4.758809844,,,,,,,,
Dufour,25/05/2022 18:00,1.000074507,4.767943209,,,,,,,,
Dufour,25/05/2022 18:10,1.000074507,4.777054489,,,,,,,,
Dufour,25/05/2022 18:20,1.000074507,4.786143842,,,,,,,,
Dufour,25/05/2022 18:30,1.000074507,4.795211426,,,,,,,,
Dufour,25/05/2022 18:40,1.000074507,4.804257397,,,,,,,,
Dufour,25/05/2022 18:50,1.000074507,4.813281909,,,,,,,,
Dufour,25/05/2022 19:00,1.000074507,4.822285113,,,,,,,,
Dufour,25/05/2022 19:10,1.000074507,4.831267159,,,,,,,,
Dufour,25/05/2022 19:20,1.000074507,4.840228197,,,,,,,,
Dufour,25/05/2022 19:30,1.000074507,4.849168373,,,,,,,,
Dufour,25/05/2022 19:40,1.000074507,4.858087832,,,,,,,,
Dufour,25/05/2022 19:50,1.000074507,4.866986718,,,,,,,,
Dufour,25/05/2022 20:00,1.000074507,4.875865171,,,,,,,,
Dufour,25/05/2022 20:10,1.000074507,4.884723332,,,,,,,,
Dufour,25/05/2022 20:20,1.000074507,4.89356134,,,,,,,,
Dufour,25/05/2022 20:30,1.000074507,4.902379332,,,,,,,,
Dufour,25/05/2022 20:40,1.000074507,4.911177443,,,,,,,,
Dufour,25/05/2022 20:50,1.000074507,4.919955806,,,,,,,,
Dufour,25/05/2022 21:00,1.000074507,4.928714555,,,,,,,,
Dufour,25/05/2022 21:10,1.000074507,4.93745382,,,,,,,,
Dufour,25/05/2022 21:20,1.000074507,4.94617373,,,,,,,,
Dufour,25/05/2022 21:30,1.000074507,4.954874414,,,,,,,,
Dufour,25/05/2022 21:40,1.000074507,4.963555998,,,,,,,,
Dufour,25/05/2022 21:50,1.000074507,4.972218608,,,,,,,,
Dufour,25/05/2022 22:00,1.000074507,4.980862366,,,,,,,,
Dufour,25/05/2022 22:10,1.000074507,4.989487397,,,,,,,,
Dufour,25/05/2022 22:20,1.000074507,4.998093821,,,,,,,,
Dufour,25/05/2022 22:30,1.000074507,5.006681757,,,,,,,,
Dufour,25/05/2022 22:40,1.000074507,5.015251326,,,,,,,,
Dufour,25/05/2022 22:50,1.000074507,5.023802643,,,,,,,,
Dufour,25/05/2022 23:00,1.000074507,5.032335825,,,,,,,,
Dufour,25/05/2022 23:10,1.000074507,5.040850987,,,,,,,,
Dufour,25/05/2022 23:20,1.000074507,5.049348243,,,,,,,,
Dufour,25/05/2022 23:30,1.000074507,5.057827705,,,,,,,,
Dufour,25/05/2022 23:40,1.000074507,5.066289484,,,,,,,,
Dufour,25/05/2022 23:50,1.000074507,5.074733691,,,,,,,,
Gracieuse,25/05/2022 00:00,7.274398941,14.47706979,,,,,,,,
Gracieuse,25/05/2022 00:10,7.288502774,14.50496476,,,,,,,,
Gracieuse,25/05/2022 00:20,7.288502774,14.51872959,,,,,,,,
Gracieuse,25/05/2022 00:30,7.288502774,14.53246826,,,,,,,,
Gracieuse,25/05/2022 00:40,7.288502774,14.54618093,,,,,,,,
Gracieuse,25/05/2022 00:50,7.288502774,14.55986774,,,,,,,,
Gracieuse,25/05/2022 01:00,7.288502774,14.57352883,,,,,,,,
Gracieuse,25/05/2022 01:10,7.293140128,14.59180171,,,,,,,,
Gracieuse,25/05/2022 01:20,7.293140128,14.60541181,,,,,,,,
Gracieuse,25/05/2022 01:30,7.293140128,14.61899662,,,,,,,,
Gracieuse,25/05/2022 01:40,7.293140128,14.63255628,,,,,,,,
Gracieuse,25/05/2022 01:50,7.293140128,14.64609095,,,,,,,,
Gracieuse,25/05/2022 02:00,7.293140128,14.65960074,,,,,,,,
Gracieuse,25/05/2022 02:10,7.305859922,14.6858056,,,,,,,,
Gracieuse,25/05/2022 02:20,7.305859922,14.69926607,,,,,,,,
Gracieuse,25/05/2022 02:30,7.305859922,14.71270207,,,,,,,,
Gracieuse,25/05/2022 02:40,7.305859922,14.72611375,,,,,,,,
Gracieuse,25/05/2022 02:50,7.305859922,14.73950123,,,,,,,,
Gracieuse,25/05/2022 03:00,7.305859922,14.75286464,,,,,,,,
Gracieuse,25/05/2022 03:10,7.305859922,14.76620412,,,,,,,,
Gracieuse,25/05/2022 03:20,7.305859922,14.77951978,,,,,,,,
Gracieuse,25/05/2022 03:30,7.305859922,14.79281177,,,,,,,,
Gracieuse,25/05/2022 03:40,7.305859922,14.8060802,,,,,,,,
Gracieuse,25/05/2022 03:50,7.305859922,14.81932519,,,,,,,,
Gracieuse,25/05/2022 04:00,7.305859922,14.83254688,,,,,,,,
Gracieuse,25/05/2022 04:10,7.298469502,14.83835497,,,,,,,,
Gracieuse,25/05/2022 04:20,7.298469502,14.85153041,,,,,,,,
Gracieuse,25/05/2022 04:30,7.298469502,14.8646829,,,,,,,,
Gracieuse,25/05/2022 04:40,7.298469502,14.87781258,,,,,,,,
Gracieuse,25/05/2022 04:50,7.298469502,14.89091955,,,,,,,,
Gracieuse,25/05/2022 05:00,7.298469502,14.90400393,,,,,,,,
Gracieuse,25/05/2022 05:10,7.299161522,14.91775786,,,,,,,,
Gracieuse,25/05/2022 05:20,7.299161522,14.93079741,,,,,,,,
Gracieuse,25/05/2022 05:30,7.299161522,14.94381472,,,,,,,,
Gracieuse,25/05/2022 05:40,7.299161522,14.95680991,,,,,,,,
Gracieuse,25/05/2022 05:50,7.299161522,14.96978307,,,,,,,,
Gracieuse,25/05/2022 06:00,7.299161522,14.98273434,,,,,,,,
Gracieuse,25/05/2022 06:10,7.30268748,14.99918977,,,,,,,,
Gracieuse,25/05/2022 06:20,7.30268748,15.01209755,,,,,,,,
Gracieuse,25/05/2022 06:30,7.30268748,15.02498376,,,,,,,,
Gracieuse,25/05/2022 06:40,7.30268748,15.03784851,,,,,,,,
Gracieuse,25/05/2022 06:50,7.30268748,15.05069189,,,,,,,,
Gracieuse,25/05/2022 07:00,7.30268748,15.06351402,,,,,,,,
Gracieuse,25/05/2022 07:10,7.287891627,15.06151914,,,,,,,,
Gracieuse,25/05/2022 07:20,7.287891627,15.07429908,,,,,,,,
Gracieuse,25/05/2022 07:30,7.287891627,15.08705807,,,,,,,,
Gracieuse,25/05/2022 07:40,7.287891627,15.09979622,,,,,,,,
Gracieuse,25/05/2022 07:50,7.287891627,15.11251364,,,,,,,,
Gracieuse,25/05/2022 08:00,7.287891627,15.12521042,,,,,,,,
Gracieuse,25/05/2022 08:10,7.277814002,15.12780904,,,,,,,,
Gracieuse,25/05/2022 08:20,7.277814002,15.14046485,,,,,,,,
Gracieuse,25/05/2022 08:30,7.277814002,15.15310032,,,,,,,,
Gracieuse,25/05/2022 08:40,7.277814002,15.16571554,,,,,,,,
Gracieuse,25/05/2022 08:50,7.277814002,15.17831063,,,,,,,,
Gracieuse,25/05/2022 09:00,7.277814002,15.19088567,,,,,,,,
Gracieuse,25/05/2022 09:10,7.253551671,15.17917842,,,,,,,,
Gracieuse,25/05/2022 09:20,7.253551671,15.19171365,,,,,,,,
Gracieuse,25/05/2022 09:30,7.253551671,15.20422912,,,,,,,,
Gracieuse,25/05/2022 09:40,7.253551671,15.21672491,,,,,,,,
Gracieuse,25/05/2022 09:50,7.253551671,15.22920113,,,,,,,,
Gracieuse,25/05/2022 10:00,7.253551671,15.24165786,,,,,,,,
Gracieuse,25/05/2022 10:10,7.222156551,15.22270008,,,,,,,,
Gracieuse,25/05/2022 10:20,7.222156551,15.23511811,,,,,,,,
Gracieuse,25/05/2022 10:30,7.222156551,15.24751693,,,,,,,,
Gracieuse,25/05/2022 10:40,7.222156551,15.25989662,,,,,,,,
Gracieuse,25/05/2022 10:50,7.222156551,15.27225727,,,,,,,,
Gracieuse,25/05/2022 11:00,7.222156551,15.28459897,,,,,,,,
Gracieuse,25/05/2022 11:10,7.186558464,15.26132373,,,,,,,,
Gracieuse,25/05/2022 11:20,7.186558464,15.27362779,,,,,,,,
Gracieuse,25/05/2022 11:30,7.186558464,15.28591316,,,,,,,,
Gracieuse,25/05/2022 11:40,7.186558464,15.29817992,,,,,,,,
Gracieuse,25/05/2022 11:50,7.186558464,15.31042816,,,,,,,,
Gracieuse,25/05/2022 12:00,7.186558464,15.32265797,,,,,,,,
Gracieuse,25/05/2022 12:10,7.161103864,15.30941482,,,,,,,,
Gracieuse,25/05/2022 12:20,7.161103864,15.32160799,,,,,,,,
Gracieuse,25/05/2022 12:30,7.161103864,15.33378297,,,,,,,,
Gracieuse,25/05/2022 12:40,7.161103864,15.34593984,,,,,,,,
Gracieuse,25/05/2022 12:50,7.161103864,15.35807869,,,,,,,,
Gracieuse,25/05/2022 13:00,7.161103864,15.37019958,,,,,,,,
Gracieuse,25/05/2022 13:10,7.133588218,15.35478695,,,,,,,,
Gracieuse,25/05/2022 13:20,7.133588218,15.36687219,,,,,,,,
Gracieuse,25/05/2022 13:30,7.133588218,15.3789397,,,,,,,,
Gracieuse,25/05/2022 13:40,7.133588218,15.39098958,,,,,,,,
Gracieuse,25/05/2022 13:50,7.133588218,15.40302191,,,,,,,,
Gracieuse,25/05/2022 14:00,7.133588218,15.41503675,,,,,,,,
Gracieuse,25/05/2022 14:10,7.098939782,15.39238575,,,,,,,,
Gracieuse,25/05/2022 14:20,7.098939782,15.40436585,,,,,,,,
Gracieuse,25/05/2022 14:30,7.098939782,15.4163287,,,,,,,,
Gracieuse,25/05/2022 14:40,7.098939782,15.42827437,,,,,,,,
Gracieuse,25/05/2022 14:50,7.098939782,15.44020293,,,,,,,,
Gracieuse,25/05/2022 15:00,7.098939782,15.45211445,,,,,,,,
Gracieuse,25/05/2022 15:10,7.075642113,15.44071135,,,,,,,,
Gracieuse,25/05/2022 15:20,7.075642113,15.45258902,,,,,,,,
Gracieuse,25/05/2022 15:30,7.075642113,15.46444988,,,,,,,,
Gracieuse,25/05/2022 15:40,7.075642113,15.47629399,,,,,,,,
Gracieuse,25/05/2022 15:50,7.075642113,15.48812143,,,,,,,,
Gracieuse,25/05/2022 16:00,7.075642113,15.49993226,,,,,,,,
Gracieuse,25/05/2022 16:10,7.081663506,15.51774794,,,,,,,,
Gracieuse,25/05/2022 16:20,7.081663506,15.52952577,,,,,,,,
Gracieuse,25/05/2022 16:30,7.081663506,15.5412872,,,,,,,,
Gracieuse,25/05/2022 16:40,7.081663506,15.5530323,,,,,,,,
Gracieuse,25/05/2022 16:50,7.081663506,15.56476114,,,,,,,,
Gracieuse,25/05/2022 17:00,7.081663506,15.57647379,,,,,,,,
Gracieuse,25/05/2022 17:10,7.097828386,15.60433519,,,,,,,,
Gracieuse,25/05/2022 17:20,7.097828386,15.61601564,,,,,,,,
Gracieuse,25/05/2022 17:30,7.097828386,15.62768011,,,,,,,,
Gracieuse,25/05/2022 17:40,7.097828386,15.63932864,,,,,,,,
Gracieuse,25/05/2022 17:50,7.097828386,15.65096131,,,,,,,,
Gracieuse,25/05/2022 18:00,7.097828386,15.66257818,,,,,,,,
Gracieuse,25/05/2022 18:10,7.104880302,15.68123123,,,,,,,,
Gracieuse,25/05/2022 18:20,7.104880302,15.69281669,,,,,,,,
Gracieuse,25/05/2022 18:30,7.104880302,15.70438655,,,,,,,,
Gracieuse,25/05/2022 18:40,7.104880302,15.71594086,,,,,,,,
Gracieuse,25/05/2022 18:50,7.104880302,15.72747969,,,,,,,,
Gracieuse,25/05/2022 19:00,7.104880302,15.73900309,,,,,,,,
Gracieuse,25/05/2022 19:10,7.147353547,15.79298438,,,,,,,,
Gracieuse,25/05/2022 19:20,7.147353547,15.80447713,,,,,,,,
Gracieuse,25/05/2022 19:30,7.147353547,15.81595465,,,,,,,,
Gracieuse,25/05/2022 19:40,7.147353547,15.82741698,,,,,,,,
Gracieuse,25/05/2022 19:50,7.147353547,15.8388642,,,,,,,,
Gracieuse,25/05/2022 20:00,7.147353547,15.85029636,,,,,,,,
Gracieuse,25/05/2022 20:10,7.16903957,15.88339955,,,,,,,,
Gracieuse,25/05/2022 20:20,7.16903957,15.89480178,,,,,,,,
Gracieuse,25/05/2022 20:30,7.16903957,15.90618912,,,,,,,,
Gracieuse,25/05/2022 20:40,7.16903957,15.91756165,,,,,,,,
Gracieuse,25/05/2022 20:50,7.16903957,15.92891941,,,,,,,,
Gracieuse,25/05/2022 21:00,7.16903957,15.94026246,,,,,,,,
Gracieuse,25/05/2022 21:10,7.176364129,15.95891542,,,,,,,,
Gracieuse,25/05/2022 21:20,7.176364129,15.97022923,,,,,,,,
Gracieuse,25/05/2022 21:30,7.176364129,15.9815285,,,,,,,,
Gracieuse,25/05/2022 21:40,7.176364129,15.99281329,,,,,,,,
Gracieuse,25/05/2022 21:50,7.176364129,16.00408366,,,,,,,,
Gracieuse,25/05/2022 22:00,7.176364129,16.01533965,,,,,,,,
Gracieuse,25/05/2022 22:10,7.185057716,16.03527492,,,,,,,,
Gracieuse,25/05/2022 22:20,7.185057716,16.04650234,,,,,,,,
Gracieuse,25/05/2022 22:30,7.185057716,16.05771555,,,,,,,,
Gracieuse,25/05/2022 22:40,7.185057716,16.0689146,,,,,,,,
Gracieuse,25/05/2022 22:50,7.185057716,16.08009956,,,,,,,,
Gracieuse,25/05/2022 23:00,7.185057716,16.09127047,,,,,,,,
Gracieuse,25/05/2022 23:10,7.199161549,16.11653122,,,,,,,,
Gracieuse,25/05/2022 23:20,7.199161549,16.12767419,,,,,,,,
Gracieuse,25/05/2022 23:30,7.199161549,16.13880328,,,,,,,,
Gracieuse,25/05/2022 23:40,7.199161549,16.14991853,,,,,,,,
Gracieuse,25/05/2022 23:50,7.199161549,16.16101999,,,,,,,,
Medtronic,25/05/2022 00:00,1.933116733,7.083193314,,,,,,,,
Medtronic,25/05/2022 00:10,1.935921598,7.114515231,,,,,,,,
Medtronic,25/05/2022 00:20,1.892895201,7.099839667,,,,,,,,
Medtronic,25/05/2022 00:30,1.844283984,7.079425963,,,,,,,,
Medtronic,25/05/2022 00:40,1.820746362,7.083934996,,,,,,,,
Medtronic,25/05/2022 00:50,1.915213215,7.20630004,,,,,,,,
Medtronic,25/05/2022 01:00,1.898461564,7.217300452,,,,,,,,
Medtronic,25/05/2022 01:10,1.90619931,7.252655534,,,,,,,,
Medtronic,25/05/2022 01:20,1.895470214,7.269392234,,,,,,,,
Medtronic,25/05/2022 01:30,1.849116805,7.250365148,,,,,,,,
Medtronic,25/05/2022 01:40,1.813904239,7.242341535,,,,,,,,
Medtronic,25/05/2022 01:50,1.874994627,7.330485557,,,,,,,,
Medtronic,25/05/2022 02:00,1.911319486,7.393730732,,,,,,,,
Medtronic,25/05/2022 02:10,1.92156602,7.430775002,,,,,,,,
Medtronic,25/05/2022 02:20,1.914389245,7.450257013,,,,,,,,
Medtronic,25/05/2022 02:30,1.772136194,7.334535155,,,,,,,,
Medtronic,25/05/2022 02:40,1.759538864,7.348343241,,,,,,,,
Medtronic,25/05/2022 02:50,1.812902752,7.427988537,,,,,,,,
Medtronic,25/05/2022 03:00,1.838731296,7.479976214,,,,,,,,
Medtronic,25/05/2022 03:10,1.845909037,7.51320098,,,,,,,,
Medtronic,25/05/2022 03:20,1.848654946,7.541865863,,,,,,,,
Medtronic,25/05/2022 03:30,1.80793306,7.52694564,,,,,,,,
Medtronic,25/05/2022 03:40,1.755321983,7.500020498,,,,,,,,
Medtronic,25/05/2022 03:50,1.731460325,7.501730587,,,,,,,,
Medtronic,25/05/2022 04:00,1.761865143,7.557594476,,,,,,,,
Medtronic,25/05/2022 04:10,1.773081794,7.594167193,,,,,,,,
Medtronic,25/05/2022 04:20,1.770340231,7.61666315,,,,,,,,
Medtronic,25/05/2022 04:30,1.727671079,7.599123182,,,,,,,,
Medtronic,25/05/2022 04:40,1.667237884,7.56371222,,,,,,,,
Medtronic,25/05/2022 04:50,1.722960198,7.644351168,,,,,,,,
Medtronic,25/05/2022 05:00,1.64266889,7.588872223,,,,,,,,
Medtronic,25/05/2022 05:10,1.635761745,7.606682408,,,,,,,,
Medtronic,25/05/2022 05:20,1.649245985,7.644773785,,,,,,,,
Medtronic,25/05/2022 05:30,1.618635293,7.638669778,,,,,,,,
Medtronic,25/05/2022 05:40,1.675299779,7.719741721,,,,,,,,
Medtronic,25/05/2022 05:50,1.728288807,7.79704017,,,,,,,,
Medtronic,25/05/2022 06:00,1.755939198,7.848903122,,,,,,,,
Medtronic,25/05/2022 06:10,1.74316531,7.860253787,,,,,,,,
Medtronic,25/05/2022 06:20,1.767126615,7.908236839,,,,,,,,
Medtronic,25/05/2022 06:30,1.701789503,7.866827997,,,,,,,,
Medtronic,25/05/2022 06:40,1.717613318,7.906487687,,,,,,,,
Medtronic,25/05/2022 06:50,2.073603528,8.286222441,,,,,,,,
Medtronic,25/05/2022 07:00,2.094221751,8.330494917,,,,,,,,
Medtronic,25/05/2022 07:10,2.059783029,8.319628672,,,,,,,,
Medtronic,25/05/2022 07:20,2.062617384,8.345939269,,,,,,,,
Medtronic,25/05/2022 07:30,2.780598002,9.087308854,,,,,,,,
Medtronic,25/05/2022 07:40,3.642966937,9.972980447,,,,,,,,
Medtronic,25/05/2022 07:50,3.981766323,10.33499713,,,,,,,,
Medtronic,25/05/2022 08:00,4.148020368,10.52438404,,,,,,,,
Medtronic,25/05/2022 08:10,4.312361186,10.71178151,,,,,,,,
Medtronic,25/05/2022 08:20,5.287634709,11.71002132,,,,,,,,
Medtronic,25/05/2022 08:30,5.100870453,11.54614162,,,,,,,,
Medtronic,25/05/2022 08:40,5.289058617,11.75713348,,,,,,,,
Medtronic,25/05/2022 08:50,5.531428959,12.02222751,,,,,,,,
Medtronic,25/05/2022 09:00,5.382002764,11.89544582,,,,,,,,
Medtronic,25/05/2022 09:10,5.318000887,11.85402949,,,,,,,,
Medtronic,25/05/2022 09:20,5.705766939,12.26428143,,,,,,,,
Medtronic,25/05/2022 09:30,6.093148606,12.67407227,,,,,,,,
Medtronic,25/05/2022 09:40,6.134363054,12.73761993,,,,,,,,
Medtronic,25/05/2022 09:50,6.350681046,12.97619597,,,,,,,,
Medtronic,25/05/2022 10:00,6.32395902,12.97165756,,,,,,,,
Medtronic,25/05/2022 10:10,6.623732093,13.2935475,,,,,,,,
Medtronic,25/05/2022 10:20,6.737270456,13.42912245,,,,,,,,
Medtronic,25/05/2022 10:30,6.560608711,13.27442506,,,,,,,,
Medtronic,25/05/2022 10:40,6.742738706,13.47844789,,,,,,,,
Medtronic,25/05/2022 10:50,6.973032634,13.73056382,,,,,,,,
Medtronic,25/05/2022 11:00,6.991969099,13.77125213,,,,,,,,
Medtronic,25/05/2022 11:10,6.435624662,13.23659684,,,,,,,,
Medtronic,25/05/2022 11:20,6.566336873,13.38892224,,,,,,,,
Medtronic,25/05/2022 11:30,6.325126369,13.16925676,,,,,,,,
Medtronic,25/05/2022 11:40,6.607398057,13.47300596,,,,,,,,
Medtronic,25/05/2022 11:50,6.792699145,13.67971767,,,,,,,,
Medtronic,25/05/2022 12:00,5.867758856,12.77612173,,,,,,,,
Medtronic,25/05/2022 12:10,5.409394983,12.33904318,,,,,,,,
Medtronic,25/05/2022 12:20,5.206120079,12.15698156,,,,,,,,
Medtronic,25/05/2022 12:30,4.770712764,11.74272308,,,,,,,,
Medtronic,25/05/2022 12:40,5.46452766,12.45762294,,,,,,,,
Medtronic,25/05/2022 12:50,5.556275452,12.57039239,,,,,,,,
Medtronic,25/05/2022 13:00,5.912408415,12.94748428,,,,,,,,
Medtronic,25/05/2022 13:10,5.936827175,12.99280628,,,,,,,,
Medtronic,25/05/2022 13:20,5.939540249,13.01635416,,,,,,,,
Medtronic,25/05/2022 13:30,6.578617028,13.67620466,,,,,,,,
Medtronic,25/05/2022 13:40,7.223443168,14.34174398,,,,,,,,
Medtronic,25/05/2022 13:50,7.363436853,14.50239082,,,,,,,,
Medtronic,25/05/2022 14:00,7.367629626,14.52717725,,,,,,,,
Medtronic,25/05/2022 14:10,6.947500602,14.12758925,,,,,,,,
Medtronic,25/05/2022 14:20,7.188579986,14.38914451,,,,,,,,
Medtronic,25/05/2022 14:30,6.918089234,14.13907164,,,,,,,,
Medtronic,25/05/2022 14:40,6.871984471,14.11332727,,,,,,,,
Medtronic,25/05/2022 14:50,6.681589825,13.94323601,,,,,,,,
Medtronic,25/05/2022 15:00,6.601599306,13.88349233,,,,,,,,
Medtronic,25/05/2022 15:10,6.335008655,13.63709869,,,,,,,,
Medtronic,25/05/2022 15:20,6.264149246,13.58637415,,,,,,,,
Medtronic,25/05/2022 15:30,5.994542551,13.33684719,,,,,,,,
Medtronic,25/05/2022 15:40,6.604801808,13.96713149,,,,,,,,
Medtronic,25/05/2022 15:50,6.417757124,13.8000576,,,,,,,,
Medtronic,25/05/2022 16:00,6.026301569,13.42851902,,,,,,,,
Medtronic,25/05/2022 16:10,5.75315207,13.17523924,,,,,,,,
Medtronic,25/05/2022 16:20,4.663997571,12.10589511,,,,,,,,
Medtronic,25/05/2022 16:30,3.939697537,11.40135292,,,,,,,,
Medtronic,25/05/2022 16:40,3.731673116,11.21303423,,,,,,,,
Medtronic,25/05/2022 16:50,4.116035725,11.61705086,,,,,,,,
Medtronic,25/05/2022 17:00,3.774023239,11.29464111,,,,,,,,
Medtronic,25/05/2022 17:10,3.322679318,10.86285503,,,,,,,,
Medtronic,25/05/2022 17:20,3.110751642,10.67042841,,,,,,,,
Medtronic,25/05/2022 17:30,2.843249533,10.42237725,,,,,,,,
Medtronic,25/05/2022 17:40,2.396282647,9.994811593,,,,,,,,
Medtronic,25/05/2022 17:50,1.935469412,9.553350236,,,,,,,,
Medtronic,25/05/2022 18:00,1.82814736,9.46533109,,,,,,,,
Medtronic,25/05/2022 18:10,1.768481594,9.42492552,,,,,,,,
Medtronic,25/05/2022 18:20,1.71580346,9.391453191,,,,,,,,
Medtronic,25/05/2022 18:30,1.555061415,9.249869076,,,,,,,,
Medtronic,25/05/2022 18:40,1.422406703,9.136324776,,,,,,,,
Medtronic,25/05/2022 18:50,1.234602133,8.967583451,,,,,,,,
Medtronic,25/05/2022 19:00,1.296506759,9.048504504,,,,,,,,
Medtronic,25/05/2022 19:10,1.351862417,9.122835908,,,,,,,,
Medtronic,25/05/2022 19:20,1.315662546,9.105559601,,,,,,,,
Medtronic,25/05/2022 19:30,1.238884031,9.047658852,,,,,,,,
Medtronic,25/05/2022 19:40,1.264098146,9.091705263,,,,,,,,
Medtronic,25/05/2022 19:50,1.290477971,9.136872243,,,,,,,,
Medtronic,25/05/2022 20:00,1.330222733,9.195359341,,,,,,,,
Medtronic,25/05/2022 20:10,1.338575417,9.222415561,,,,,,,,
Medtronic,25/05/2022 20:20,1.327050699,9.229544256,,,,,,,,
Medtronic,25/05/2022 20:30,1.276654899,9.197757999,,,,,,,,
Medtronic,25/05/2022 20:40,1.236364368,9.176033449,,,,,,,,
Medtronic,25/05/2022 20:50,1.244541936,9.202733739,,,,,,,,
Medtronic,25/05/2022 21:00,1.275859898,9.252531466,,,,,,,,
Medtronic,25/05/2022 21:10,1.292103025,9.287217309,,,,,,,,
Medtronic,25/05/2022 21:20,1.281340188,9.294848982,,,,,,,,
Medtronic,25/05/2022 21:30,1.229356021,9.261217253,,,,,,,,
Medtronic,25/05/2022 21:40,1.185313676,9.235485561,,,,,,,,
Medtronic,25/05/2022 21:50,1.23166977,9.300110806,,,,,,,,
Medtronic,25/05/2022 22:00,1.263794629,9.350463595,,,,,,,,
Medtronic,25/05/2022 22:10,1.28522821,9.390089684,,,,,,,,
Medtronic,25/05/2022 22:20,1.276592165,9.399599738,,,,,,,,
Medtronic,25/05/2022 22:30,1.212032233,9.353145509,,,,,,,,
Medtronic,25/05/2022 22:40,1.308199253,9.467378105,,,,,,,,
Medtronic,25/05/2022 22:50,1.29105166,9.468256228,,,,,,,,
Medtronic,25/05/2022 23:00,1.31780963,9.513000316,,,,,,,,
Medtronic,25/05/2022 23:10,1.366010176,9.57915308,,,,,,,,
Medtronic,25/05/2022 23:20,1.362947898,9.593998288,,,,,,,,
Medtronic,25/05/2022 23:30,1.291794771,9.54071382,,,,,,,,
Medtronic,25/05/2022 23:40,1.15246358,9.419212714,,,,,,,,
Medtronic,25/05/2022 23:50,1.176968518,9.461509412,,,,,,,,
Moulin,25/05/2022 00:00,12.66711663,17.74827256,,,,,,,,
Moulin,25/05/2022 00:10,12.58366444,17.69300302,,,,,,,,
Moulin,25/05/2022 00:20,12.61395967,17.75124161,,,,,,,,
Moulin,25/05/2022 00:30,12.33779758,17.50287169,,,,,,,,
Moulin,25/05/2022 00:40,12.32106507,17.51378259,,,,,,,,
Moulin,25/05/2022 00:50,12.35663425,17.57684878,,,,,,,,
Moulin,25/05/2022 01:00,12.44574115,17.6933142,,,,,,,,
Moulin,25/05/2022 01:10,12.3388545,17.61372126,,,,,,,,
Moulin,25/05/2022 01:20,12.33146962,17.6334075,,,,,,,,
Moulin,25/05/2022 01:30,12.30988142,17.63875289,,,,,,,,
Moulin,25/05/2022 01:40,12.29180588,17.64747548,,,,,,,,
Moulin,25/05/2022 01:50,12.32627848,17.70861277,,,,,,,,
Moulin,25/05/2022 02:00,12.42279854,17.83167148,,,,,,,,
Moulin,25/05/2022 02:10,12.29645654,17.7318134,,,,,,,,
Moulin,25/05/2022 02:20,12.303747,17.76537963,,,,,,,,
Moulin,25/05/2022 02:30,12.27463675,17.76241934,,,,,,,,
Moulin,25/05/2022 02:40,12.25567148,17.76947999,,,,,,,,
Moulin,25/05/2022 02:50,12.28404091,17.82375307,,,,,,,,
Moulin,25/05/2022 03:00,12.38041473,17.94591522,,,,,,,,
Moulin,25/05/2022 03:10,12.24335907,17.83460174,,,,,,,,
Moulin,25/05/2022 03:20,12.24838586,17.86517518,,,,,,,,
Moulin,25/05/2022 03:30,12.23569236,17.87791266,,,,,,,,
Moulin,25/05/2022 03:40,12.22193736,17.8894745,,,,,,,,
Moulin,25/05/2022 03:50,12.24062124,17.93336263,,,,,,,,
Moulin,25/05/2022 04:00,12.35446477,18.07230443,,,,,,,,
Moulin,25/05/2022 04:10,12.16201903,17.90491815,,,,,,,,
Moulin,25/05/2022 04:20,12.1729301,17.94070426,,,,,,,,
Moulin,25/05/2022 04:30,12.16463522,17.95717758,,,,,,,,
Moulin,25/05/2022 04:40,12.14145426,17.95865937,,,,,,,,
Moulin,25/05/2022 04:50,12.14963394,17.99139765,,,,,,,,
Moulin,25/05/2022 05:00,12.27304591,18.13927042,,,,,,,,
Moulin,25/05/2022 05:10,12.12155338,18.0122062,,,,,,,,
Moulin,25/05/2022 05:20,12.11306042,18.027967,,,,,,,,
Moulin,25/05/2022 05:30,12.1090638,18.04812508,,,,,,,,
Moulin,25/05/2022 05:40,12.1145785,18.07769662,,,,,,,,
Moulin,25/05/2022 05:50,12.11678564,18.10386393,,,,,,,,
Moulin,25/05/2022 06:00,12.24942695,18.26037479,,,,,,,,
Moulin,25/05/2022 06:10,12.09578755,18.13057797,,,,,,,,
Moulin,25/05/2022 06:20,12.0734891,18.13195634,,,,,,,,
Moulin,25/05/2022 06:30,12.07283673,18.1548886,,,,,,,,
Moulin,25/05/2022 06:40,11.86261688,17.96816228,,,,,,,,
Moulin,25/05/2022 06:50,11.91397497,18.04292382,,,,,,,,
Moulin,25/05/2022 07:00,12.04094024,18.19320828,,,,,,,,
Moulin,25/05/2022 07:10,11.96122122,18.13678633,,,,,,,,
Moulin,25/05/2022 07:20,11.97959297,18.17829726,,,,,,,,
Moulin,25/05/2022 07:30,10.51983093,16.74158834,,,,,,,,
Moulin,25/05/2022 07:40,10.57187694,16.81660235,,,,,,,,
Moulin,25/05/2022 07:50,10.35405498,16.62166422,,,,,,,,
Moulin,25/05/2022 08:00,9.359387212,15.64980168,,,,,,,,
Moulin,25/05/2022 08:10,8.667656227,14.98085806,,,,,,,,
Moulin,25/05/2022 08:20,8.450529262,14.78636767,,,,,,,,
Moulin,25/05/2022 08:30,8.50809885,14.86649324,,,,,,,,
Moulin,25/05/2022 08:40,8.000209622,14.38108025,,,,,,,,
Moulin,25/05/2022 08:50,8.116989374,14.52025734,,,,,,,,
Moulin,25/05/2022 09:00,8.241303863,14.66689566,,,,,,,,
Moulin,25/05/2022 09:10,7.858498185,14.30734613,,,,,,,,
Moulin,25/05/2022 09:20,6.922806265,13.39381549,,,,,,,,
Moulin,25/05/2022 09:30,6.91608053,13.40917538,,,,,,,,
Moulin,25/05/2022 09:40,6.738487417,13.25359302,,,,,,,,
Moulin,25/05/2022 09:50,6.625462981,13.16250522,,,,,,,,
Moulin,25/05/2022 10:00,6.582331196,13.14124117,,,,,,,,
Moulin,25/05/2022 10:10,6.481396007,13.06216296,,,,,,,,
Moulin,25/05/2022 10:20,6.421325338,13.02381084,,,,,,,,
Moulin,25/05/2022 10:30,6.343397677,12.96753052,,,,,,,,
Moulin,25/05/2022 10:40,6.374113233,13.0198229,,,,,,,,
Moulin,25/05/2022 10:50,6.530224023,13.19744068,,,,,,,,
Moulin,25/05/2022 11:00,6.612154563,13.30081343,,,,,,,,
Moulin,25/05/2022 11:10,6.655987794,13.36608108,,,,,,,,
Moulin,25/05/2022 11:20,6.877126252,13.60852089,,,,,,,,
Moulin,25/05/2022 11:30,6.8456098,13.59823859,,,,,,,,
Moulin,25/05/2022 11:40,6.909623579,13.68341995,,,,,,,,
Moulin,25/05/2022 11:50,7.051089838,13.84598784,,,,,,,,
Moulin,25/05/2022 12:00,7.250888843,14.06682746,,,,,,,,
Moulin,25/05/2022 12:10,6.908683019,13.74565708,,,,,,,,
Moulin,25/05/2022 12:20,6.938082952,13.79596432,,,,,,,,
Moulin,25/05/2022 12:30,6.962740153,13.84146528,,,,,,,,
Moulin,25/05/2022 12:40,6.712796062,13.61230197,,,,,,,,
Moulin,25/05/2022 12:50,6.589232526,13.5094568,,,,,,,,
Moulin,25/05/2022 13:00,6.507826392,13.44871142,,,,,,,,
Moulin,25/05/2022 13:10,6.607495378,13.56903837,,,,,,,,
Moulin,25/05/2022 13:20,6.584495038,13.56657238,,,,,,,,
Moulin,25/05/2022 13:30,6.283488492,13.28603996,,,,,,,,
Moulin,25/05/2022 13:40,6.602460995,13.6254269,,,,,,,,
Moulin,25/05/2022 13:50,6.677625213,13.72094637,,,,,,,,
Moulin,25/05/2022 14:00,6.613653402,13.67727531,,,,,,,,
Moulin,25/05/2022 14:10,6.619978851,13.70390087,,,,,,,,
Moulin,25/05/2022 14:20,7.299474765,14.40357744,,,,,,,,
Moulin,25/05/2022 14:30,7.331029968,14.45525614,,,,,,,,
Moulin,25/05/2022 14:40,7.475896382,14.62018935,,,,,,,,
Moulin,25/05/2022 14:50,7.569217326,14.73352089,,,,,,,,
Moulin,25/05/2022 15:00,7.604250346,14.78851285,,,,,,,,
Moulin,25/05/2022 15:10,7.527036289,14.73125901,,,,,,,,
Moulin,25/05/2022 15:20,7.442209405,14.66627677,,,,,,,,
Moulin,25/05/2022 15:30,7.1627921,14.40664974,,,,,,,,
Moulin,25/05/2022 15:40,7.131760688,14.39535468,,,,,,,,
Moulin,25/05/2022 15:50,7.090510578,14.37378743,,,,,,,,
Moulin,25/05/2022 16:00,6.885845826,14.18875651,,,,,,,,
Moulin,25/05/2022 16:10,7.338832247,14.66137977,,,,,,,,
Moulin,25/05/2022 16:20,7.789671919,15.13174432,,,,,,,,
Moulin,25/05/2022 16:30,8.217451325,15.5789968,,,,,,,,
Moulin,25/05/2022 16:40,8.21669218,15.59765936,,,,,,,,
Moulin,25/05/2022 16:50,8.991101221,16.39143913,,,,,,,,
Moulin,25/05/2022 17:00,9.759358593,17.1790206,,,,,,,,
Moulin,25/05/2022 17:10,9.884497296,17.32348801,,,,,,,,
Moulin,25/05/2022 17:20,9.92236995,17.38058074,,,,,,,,
Moulin,25/05/2022 17:30,9.663505914,17.14088737,,,,,,,,
Moulin,25/05/2022 17:40,9.821483471,17.31798656,,,,,,,,
Moulin,25/05/2022 17:50,9.680351192,17.19592726,,,,,,,,
Moulin,25/05/2022 18:00,10.18543177,17.72003643,,,,,,,,
Moulin,25/05/2022 18:10,10.54812176,18.10176105,,,,,,,,
Moulin,25/05/2022 18:20,10.70981931,18.28238772,,,,,,,,
Moulin,25/05/2022 18:30,10.59732084,18.18877117,,,,,,,,
Moulin,25/05/2022 18:40,10.87957045,18.48985583,,,,,,,,
Moulin,25/05/2022 18:50,10.55060127,18.17967522,,,,,,,,
Moulin,25/05/2022 19:00,10.71456811,18.36238829,,,,,,,,
Moulin,25/05/2022 19:10,10.68022008,18.34679383,,,,,,,,
Moulin,25/05/2022 19:20,10.53874807,18.22397282,,,,,,,,
Moulin,25/05/2022 19:30,10.87052483,18.57435541,,,,,,,,
Moulin,25/05/2022 19:40,10.79911467,18.52150625,,,,,,,,
Moulin,25/05/2022 19:50,11.04922541,18.79013348,,,,,,,,
Moulin,25/05/2022 20:00,10.99977838,18.75916253,,,,,,,,
Moulin,25/05/2022 20:10,10.9818375,18.75970627,,,,,,,,
Moulin,25/05/2022 20:20,11.26770712,19.06396066,,,,,,,,
Moulin,25/05/2022 20:30,11.66261758,19.47721264,,,,,,,,
Moulin,25/05/2022 20:40,11.70829563,19.54118925,,,,,,,,
Moulin,25/05/2022 20:50,11.92963462,19.78078415,,,,,,,,
Moulin,25/05/2022 21:00,12.03131547,19.90068229,,,,,,,,
Moulin,25/05/2022 21:10,12.01998359,19.90757731,,,,,,,,
Moulin,25/05/2022 21:20,12.18959008,20.09531344,,,,,,,,
Moulin,25/05/2022 21:30,12.13209607,20.05590759,,,,,,,,
Moulin,25/05/2022 21:40,12.73641931,20.67827778,,,,,,,,
Moulin,25/05/2022 21:50,12.76049293,20.72035743,,,,,,,,
Moulin,25/05/2022 22:00,12.77769369,20.75552726,,,,,,,,
Moulin,25/05/2022 22:10,12.55544321,20.55125646,,,,,,,,
Moulin,25/05/2022 22:20,12.58590022,20.59959831,,,,,,,,
Moulin,25/05/2022 22:30,12.26916029,20.30070339,,,,,,,,
Moulin,25/05/2022 22:40,12.01302975,20.06237829,,,,,,,,
Moulin,25/05/2022 22:50,12.01034095,20.07745563,,,,,,,,
Moulin,25/05/2022 23:00,11.99195384,20.07679925,,,,,,,,
Moulin,25/05/2022 23:10,11.92970608,20.03229374,,,,,,,,
Moulin,25/05/2022 23:20,11.9320357,20.05227305,,,,,,,,
Moulin,25/05/2022 23:30,11.90220056,20.04004933,,,,,,,,
Moulin,25/05/2022 23:40,11.97523339,20.13065554,,,,,,,,
Moulin,25/05/2022 23:50,12.00540914,20.17836687,,,,,,,,
Preverenges,25/05/2022 00:00,7.996650865,10.68307453,,,,,,,,
Preverenges,25/05/2022 00:10,7.998295373,10.68471904,,,,,,,,
Preverenges,25/05/2022 00:20,8.002841065,10.68926473,,,,,,,,
Preverenges,25/05/2022 00:30,8.007302827,10.6937265,,,,,,,,
Preverenges,25/05/2022 00:40,8.011679544,10.69810321,,,,,,,,
Preverenges,25/05/2022 00:50,8.015970115,10.70239378,,,,,,,,
Preverenges,25/05/2022 01:00,8.020173452,10.70659712,,,,,,,,
Preverenges,25/05/2022 01:10,8.019970504,10.70639417,,,,,,,,
Preverenges,25/05/2022 01:20,8.023996166,10.71041983,,,,,,,,
Preverenges,25/05/2022 01:30,8.027931413,10.71435508,,,,,,,,
Preverenges,25/05/2022 01:40,8.031775216,10.71819888,,,,,,,,
Preverenges,25/05/2022 01:50,8.035526557,10.72195023,,,,,,,,
Preverenges,25/05/2022 02:00,8.039184436,10.7256081,,,,,,,,
Preverenges,25/05/2022 02:10,8.035978346,10.72240201,,,,,,,,
Preverenges,25/05/2022 02:20,8.039446357,10.72587003,,,,,,,,
Preverenges,25/05/2022 02:30,8.042817994,10.72924166,,,,,,,,
Preverenges,25/05/2022 02:40,8.046092319,10.73251599,,,,,,,,
Preverenges,25/05/2022 02:50,8.049268408,10.73569208,,,,,,,,
Preverenges,25/05/2022 03:00,8.052345356,10.73876902,,,,,,,,
Preverenges,25/05/2022 03:10,8.055322274,10.74174594,,,,,,,,
Preverenges,25/05/2022 03:20,8.058198288,10.74462196,,,,,,,,
Preverenges,25/05/2022 03:30,8.060972544,10.74739621,,,,,,,,
Preverenges,25/05/2022 03:40,8.063644204,10.75006787,,,,,,,,
Preverenges,25/05/2022 03:50,8.066212447,10.75263612,,,,,,,,
Preverenges,25/05/2022 04:00,8.068676471,10.75510014,,,,,,,,
Preverenges,25/05/2022 04:10,8.075379802,10.76180347,,,,,,,,
Preverenges,25/05/2022 04:20,8.077633052,10.76405672,,,,,,,,
Preverenges,25/05/2022 04:30,8.079779783,10.76620345,,,,,,,,
Preverenges,25/05/2022 04:40,8.081819266,10.76824293,,,,,,,,
Preverenges,25/05/2022 04:50,8.083750791,10.77017446,,,,,,,,
Preverenges,25/05/2022 05:00,8.085573665,10.77199733,,,,,,,,
Preverenges,25/05/2022 05:10,8.089179982,10.77560365,,,,,,,,
Preverenges,25/05/2022 05:20,8.090783556,10.77720722,,,,,,,,
Preverenges,25/05/2022 05:30,8.092276519,10.77870019,,,,,,,,
Preverenges,25/05/2022 05:40,8.093658257,10.78008193,,,,,,,,
Preverenges,25/05/2022 05:50,8.094928175,10.78135184,,,,,,,,
Preverenges,25/05/2022 06:00,8.096085698,10.78250937,,,,,,,,
Preverenges,25/05/2022 06:10,8.096384276,10.78280794,,,,,,,,
Preverenges,25/05/2022 06:20,8.097315367,10.78373904,,,,,,,,
Preverenges,25/05/2022 06:30,8.09813246,10.78455613,,,,,,,,
Preverenges,25/05/2022 06:40,8.098835063,10.78525873,,,,,,,,
Preverenges,25/05/2022 06:50,8.099422702,10.78584637,,,,,,,,
Preverenges,25/05/2022 07:00,8.099894926,10.78631859,,,,,,,,
Preverenges,25/05/2022 07:10,8.101342524,10.78776619,,,,,,,,
Preverenges,25/05/2022 07:20,8.101582645,10.78800631,,,,,,,,
Preverenges,25/05/2022 07:30,8.10170612,10.78812979,,,,,,,,
Preverenges,25/05/2022 07:40,8.101712583,10.78813625,,,,,,,,
Preverenges,25/05/2022 07:50,8.101601686,10.78802535,,,,,,,,
Preverenges,25/05/2022 08:00,8.101373105,10.78779677,,,,,,,,
Preverenges,25/05/2022 08:10,8.095187351,10.78161102,,,,,,,,
Preverenges,25/05/2022 08:20,8.094722514,10.78114618,,,,,,,,
Preverenges,25/05/2022 08:30,8.094139149,10.78056282,,,,,,,,
Preverenges,25/05/2022 08:40,8.093437018,10.77986069,,,,,,,,
Preverenges,25/05/2022 08:50,8.092615904,10.77903957,,,,,,,,
Preverenges,25/05/2022 09:00,8.091675614,10.77809928,,,,,,,,
Preverenges,25/05/2022 09:10,8.090373207,10.77679688,,,,,,,,
Preverenges,25/05/2022 09:20,8.089194071,10.77561774,,,,,,,,
Preverenges,25/05/2022 09:30,8.087895309,10.77431898,,,,,,,,
Preverenges,25/05/2022 09:40,8.086476816,10.77290048,,,,,,,,
Preverenges,25/05/2022 09:50,8.084938509,10.77136218,,,,,,,,
Preverenges,25/05/2022 10:00,8.083280327,10.769704,,,,,,,,
Preverenges,25/05/2022 10:10,8.085363885,10.77178755,,,,,,,,
Preverenges,25/05/2022 10:20,8.08346586,10.76988953,,,,,,,,
Preverenges,25/05/2022 10:30,8.081447912,10.76787158,,,,,,,,
Preverenges,25/05/2022 10:40,8.07931007,10.76573374,,,,,,,,
Preverenges,25/05/2022 10:50,8.077052385,10.76347605,,,,,,,,
Preverenges,25/05/2022 11:00,8.074674931,10.7610986,,,,,,,,
Preverenges,25/05/2022 11:10,8.08249009,10.76891376,,,,,,,,
Preverenges,25/05/2022 11:20,8.079873409,10.76629708,,,,,,,,
Preverenges,25/05/2022 11:30,8.077137316,10.76356098,,,,,,,,
Preverenges,25/05/2022 11:40,8.074281974,10.76070564,,,,,,,,
Preverenges,25/05/2022 11:50,8.07130757,10.75773124,,,,,,,,
Preverenges,25/05/2022 12:00,8.068214312,10.75463798,,,,,,,,
Preverenges,25/05/2022 12:10,8.070944073,10.75736774,,,,,,,,
Preverenges,25/05/2022 12:20,8.067613824,10.75403749,,,,,,,,
Preverenges,25/05/2022 12:30,8.064165482,10.75058915,,,,,,,,
Preverenges,25/05/2022 12:40,8.060599345,10.74702301,,,,,,,,
Preverenges,25/05/2022 12:50,8.056915735,10.7433394,,,,,,,,
Preverenges,25/05/2022 13:00,8.053114995,10.73953866,,,,,,,,
Preverenges,25/05/2022 13:10,8.05705823,10.7434819,,,,,,,,
Preverenges,25/05/2022 13:20,8.053024345,10.73944801,,,,,,,,
Preverenges,25/05/2022 13:30,8.048874492,10.73529816,,,,,,,,
Preverenges,25/05/2022 13:40,8.044609101,10.73103277,,,,,,,,
Preverenges,25/05/2022 13:50,8.040228626,10.72665229,,,,,,,,
Preverenges,25/05/2022 14:00,8.035733542,10.72215721,,,,,,,,
Preverenges,25/05/2022 14:10,8.043089512,10.72951318,,,,,,,,
Preverenges,25/05/2022 14:20,8.038366724,10.72479039,,,,,,,,
Preverenges,25/05/2022 14:30,8.033530883,10.71995455,,,,,,,,
Preverenges,25/05/2022 14:40,8.028582553,10.71500622,,,,,,,,
Preverenges,25/05/2022 14:50,8.023522315,10.70994598,,,,,,,,
Preverenges,25/05/2022 15:00,8.018350775,10.70477444,,,,,,,,
Preverenges,25/05/2022 15:10,8.022076071,10.70849974,,,,,,,,
Preverenges,25/05/2022 15:20,8.016683826,10.70310749,,,,,,,,
Preverenges,25/05/2022 15:30,8.01118222,10.69760589,,,,,,,,
Preverenges,25/05/2022 15:40,8.005571942,10.69199561,,,,,,,,
Preverenges,25/05/2022 15:50,7.999853702,10.68627737,,,,,,,,
Preverenges,25/05/2022 16:00,7.994028229,10.6804519,,,,,,,,
Preverenges,25/05/2022 16:10,7.987563832,10.6739875,,,,,,,,
Preverenges,25/05/2022 16:20,7.981526168,10.66794984,,,,,,,,
Preverenges,25/05/2022 16:30,7.975383584,10.66180725,,,,,,,,
Preverenges,25/05/2022 16:40,7.969136893,10.65556056,,,,,,,,
Preverenges,25/05/2022 16:50,7.962786926,10.64921059,,,,,,,,
Preverenges,25/05/2022 17:00,7.956334533,10.6427582,,,,,,,,
Preverenges,25/05/2022 17:10,7.944877496,10.63130116,,,,,,,,
Preverenges,25/05/2022 17:20,7.938222882,10.62464655,,,,,,,,
Preverenges,25/05/2022 17:30,7.931468511,10.61789218,,,,,,,,
Preverenges,25/05/2022 17:40,7.924615312,10.61103898,,,,,,,,
Preverenges,25/05/2022 17:50,7.917664232,10.6040879,,,,,,,,
Preverenges,25/05/2022 18:00,7.910616235,10.5970399,,,,,,,,
Preverenges,25/05/2022 18:10,7.901980313,10.58840398,,,,,,,,
Preverenges,25/05/2022 18:20,7.894741455,10.58116512,,,,,,,,
Preverenges,25/05/2022 18:30,7.887408688,10.57383236,,,,,,,,
Preverenges,25/05/2022 18:40,7.87998305,10.56640672,,,,,,,,
Preverenges,25/05/2022 18:50,7.872465597,10.55888927,,,,,,,,
Preverenges,25/05/2022 19:00,7.864857403,10.55128107,,,,,,,,
Preverenges,25/05/2022 19:10,7.842982736,10.5294064,,,,,,,,
Preverenges,25/05/2022 19:20,7.835196348,10.52162002,,,,,,,,
Preverenges,25/05/2022 19:30,7.827322542,10.51374621,,,,,,,,
Preverenges,25/05/2022 19:40,7.819362458,10.50578613,,,,,,,,
Preverenges,25/05/2022 19:50,7.811317254,10.49774092,,,,,,,,
Preverenges,25/05/2022 20:00,7.803188105,10.48961177,,,,,,,,
Preverenges,25/05/2022 20:10,7.797617843,10.48404151,,,,,,,,
Preverenges,25/05/2022 20:20,7.789324385,10.47574805,,,,,,,,
Preverenges,25/05/2022 20:30,7.780950597,10.46737427,,,,,,,,
Preverenges,25/05/2022 20:40,7.772497714,10.45892138,,,,,,,,
Preverenges,25/05/2022 20:50,7.763966986,10.45039065,,,,,,,,
Preverenges,25/05/2022 21:00,7.75535968,10.44178335,,,,,,,,
Preverenges,25/05/2022 21:10,7.752542594,10.43896626,,,,,,,,
Preverenges,25/05/2022 21:20,7.743785984,10.43020965,,,,,,,,
Preverenges,25/05/2022 21:30,7.734956677,10.42138035,,,,,,,,
Preverenges,25/05/2022 21:40,7.726055993,10.41247966,,,,,,,,
Preverenges,25/05/2022 21:50,7.71708527,10.40350894,,,,,,,,
Preverenges,25/05/2022 22:00,7.708045853,10.39446952,,,,,,,,
Preverenges,25/05/2022 22:10,7.700992756,10.38741642,,,,,,,,
Preverenges,25/05/2022 22:20,7.691820049,10.37824372,,,,,,,,
Preverenges,25/05/2022 22:30,7.682582768,10.36900644,,,,,,,,
Preverenges,25/05/2022 22:40,7.673282312,10.35970598,,,,,,,,
Preverenges,25/05/2022 22:50,7.663920089,10.35034376,,,,,,,,
Preverenges,25/05/2022 23:00,7.654497521,10.34092119,,,,,,,,
Preverenges,25/05/2022 23:10,7.642032051,10.32845572,,,,,,,,
Preverenges,25/05/2022 23:20,7.632493098,10.31891677,,,,,,,,
Preverenges,25/05/2022 23:30,7.622898127,10.3093218,,,,,,,,
Preverenges,25/05/2022 23:40,7.6132486,10.29967227,,,,,,,,
Preverenges,25/05/2022 23:50,7.603545993,10.28996966,,,,,,,,
Sablon,25/05/2022 00:00,9.2713928,18.7706447,,,,,,,,
Sablon,25/05/2022 00:10,9.28518033,18.8026331,,,,,,,,
Sablon,25/05/2022 00:20,9.28518033,18.8207993,,,,,,,,
Sablon,25/05/2022 00:30,9.28518033,18.8389308,,,,,,,,
Sablon,25/05/2022 00:40,9.28518033,18.8570281,,,,,,,,
Sablon,25/05/2022 00:50,9.28518033,18.8750912,,,,,,,,
Sablon,25/05/2022 01:00,9.28518033,18.8931203,,,,,,,,
Sablon,25/05/2022 01:10,9.29032659,18.916262,,,,,,,,
Sablon,25/05/2022 01:20,9.29032659,18.9342237,,,,,,,,
Sablon,25/05/2022 01:30,9.29032659,18.9521521,,,,,,,,
Sablon,25/05/2022 01:40,9.29032659,18.9700473,,,,,,,,
Sablon,25/05/2022 01:50,9.29032659,18.9879095,,,,,,,,
Sablon,25/05/2022 02:00,9.29032659,19.0057388,,,,,,,,
Sablon,25/05/2022 02:10,9.30351023,19.0367191,,,,,,,,
Sablon,25/05/2022 02:20,9.30351023,19.0544833,,,,,,,,
Sablon,25/05/2022 02:30,9.30351023,19.0722152,,,,,,,,
Sablon,25/05/2022 02:40,9.30351023,19.089915,,,,,,,,
Sablon,25/05/2022 02:50,9.30351023,19.1075828,,,,,,,,
Sablon,25/05/2022 03:00,9.30351023,19.1252188,,,,,,,,
Sablon,25/05/2022 03:10,9.30351023,19.1428232,,,,,,,,
Sablon,25/05/2022 03:20,9.30351023,19.1603962,,,,,,,,
Sablon,25/05/2022 03:30,9.30351023,19.1779379,,,,,,,,
Sablon,25/05/2022 03:40,9.30351023,19.1954484,,,,,,,,
Sablon,25/05/2022 03:50,9.30351023,19.2129281,,,,,,,,
Sablon,25/05/2022 04:00,9.30351023,19.230377,,,,,,,,
Sablon,25/05/2022 04:10,9.2957748,19.2400598,,,,,,,,
Sablon,25/05/2022 04:20,9.2957748,19.2574476,,,,,,,,
Sablon,25/05/2022 04:30,9.2957748,19.2748051,,,,,,,,
Sablon,25/05/2022 04:40,9.2957748,19.2921324,,,,,,,,
Sablon,25/05/2022 04:50,9.2957748,19.3094298,,,,,,,,
Sablon,25/05/2022 05:00,9.2957748,19.3266973,,,,,,,,
Sablon,25/05/2022 05:10,9.29607674,19.3442372,,,,,,,,
Sablon,25/05/2022 05:20,9.29607674,19.3614455,,,,,,,,
Sablon,25/05/2022 05:30,9.29607674,19.3786245,,,,,,,,
Sablon,25/05/2022 05:40,9.29607674,19.3957742,,,,,,,,
Sablon,25/05/2022 05:50,9.29607674,19.4128949,,,,,,,,
Sablon,25/05/2022 06:00,9.29607674,19.4299867,,,,,,,,
Sablon,25/05/2022 06:10,9.29952363,19.4504966,,,,,,,,
Sablon,25/05/2022 06:20,9.29952363,19.4675309,,,,,,,,
Sablon,25/05/2022 06:30,9.29952363,19.4845368,,,,,,,,
Sablon,25/05/2022 06:40,9.29952363,19.5015143,,,,,,,,
Sablon,25/05/2022 06:50,9.29952363,19.5184636,,,,,,,,
Sablon,25/05/2022 07:00,9.29952363,19.5353848,,,,,,,,
Sablon,25/05/2022 07:10,9.28543415,19.5381887,,,,,,,,
Sablon,25/05/2022 07:20,9.28543415,19.5550542,,,,,,,,
Sablon,25/05/2022 07:30,9.28543415,19.5718921,,,,,,,,
Sablon,25/05/2022 07:40,9.28543415,19.5887024,,,,,,,,
Sablon,25/05/2022 07:50,9.28543415,19.6054854,,,,,,,,
Sablon,25/05/2022 08:00,9.28543415,19.6222411,,,,,,,,
Sablon,25/05/2022 08:10,9.2770467,19.6305823,,,,,,,,
Sablon,25/05/2022 08:20,9.2770467,19.6472839,,,,,,,,
Sablon,25/05/2022 08:30,9.2770467,19.6639587,,,,,,,,
Sablon,25/05/2022 08:40,9.2770467,19.6806067,,,,,,,,
Sablon,25/05/2022 08:50,9.2770467,19.6972282,,,,,,,,
Sablon,25/05/2022 09:00,9.2770467,19.7138232,,,,,,,,
Sablon,25/05/2022 09:10,9.25431595,19.707661,,,,,,,,
Sablon,25/05/2022 09:20,9.25431595,19.7242034,,,,,,,,
Sablon,25/05/2022 09:30,9.25431595,19.7407198,,,,,,,,
Sablon,25/05/2022 09:40,9.25431595,19.7572101,,,,,,,,
Sablon,25/05/2022 09:50,9.25431595,19.7736746,,,,,,,,
Sablon,25/05/2022 10:00,9.25431595,19.7901133,,,,,,,,
Sablon,25/05/2022 10:10,9.22413567,19.7763462,,,,,,,,
Sablon,25/05/2022 10:20,9.22413567,19.7927339,,,,,,,,
Sablon,25/05/2022 10:30,9.22413567,19.8090962,,,,,,,,
Sablon,25/05/2022 10:40,9.22413567,19.8254332,,,,,,,,
Sablon,25/05/2022 10:50,9.22413567,19.8417451,,,,,,,,
Sablon,25/05/2022 11:00,9.22413567,19.858032,,,,,,,,
Sablon,25/05/2022 11:10,9.18882518,19.8389835,,,,,,,,
Sablon,25/05/2022 11:20,9.18882518,19.8552206,,,,,,,,
Sablon,25/05/2022 11:30,9.18882518,19.8714331,,,,,,,,
Sablon,25/05/2022 11:40,9.18882518,19.8876211,,,,,,,,
Sablon,25/05/2022 11:50,9.18882518,19.9037845,,,,,,,,
Sablon,25/05/2022 12:00,9.18882518,19.9199237,,,,,,,,
Sablon,25/05/2022 12:10,9.1638393,19.9110527,,,,,,,,
Sablon,25/05/2022 12:20,9.1638393,19.9271434,,,,,,,,
Sablon,25/05/2022 12:30,9.1638393,19.9432102,,,,,,,,
Sablon,25/05/2022 12:40,9.1638393,19.959253,,,,,,,,
Sablon,25/05/2022 12:50,9.1638393,19.975272,,,,,,,,
Sablon,25/05/2022 13:00,9.1638393,19.9912674,,,,,,,,
Sablon,25/05/2022 13:10,9.13656618,19.979966,,,,,,,,
Sablon,25/05/2022 13:20,9.13656618,19.9959142,,,,,,,,
Sablon,25/05/2022 13:30,9.13656618,20.0118391,,,,,,,,
Sablon,25/05/2022 13:40,9.13656618,20.0277407,,,,,,,,
Sablon,25/05/2022 13:50,9.13656618,20.043619,,,,,,,,
Sablon,25/05/2022 14:00,9.13656618,20.0594744,,,,,,,,
Sablon,25/05/2022 14:10,9.10184354,20.040584,,,,,,,,
Sablon,25/05/2022 14:20,9.10184354,20.0563935,,,,,,,,
Sablon,25/05/2022 14:30,9.10184354,20.0721801,,,,,,,,
Sablon,25/05/2022 14:40,9.10184354,20.0879441,,,,,,,,
Sablon,25/05/2022 14:50,9.10184354,20.1036855,,,,,,,,
Sablon,25/05/2022 15:00,9.10184354,20.1194044,,,,,,,,
Sablon,25/05/2022 15:10,9.07831926,20.1115766,,,,,,,,
Sablon,25/05/2022 15:20,9.07831926,20.1272508,,,,,,,,
Sablon,25/05/2022 15:30,9.07831926,20.1429028,,,,,,,,
Sablon,25/05/2022 15:40,9.07831926,20.1585327,,,,,,,,
Sablon,25/05/2022 15:50,9.07831926,20.1741406,,,,,,,,
Sablon,25/05/2022 16:00,9.07831926,20.1897265,,,,,,,,
Sablon,25/05/2022 16:10,9.08406941,20.2110408,,,,,,,,
Sablon,25/05/2022 16:20,9.08406941,20.2265831,,,,,,,,
Sablon,25/05/2022 16:30,9.08406941,20.2421039,,,,,,,,
Sablon,25/05/2022 16:40,9.08406941,20.257603,,,,,,,,
Sablon,25/05/2022 16:50,9.08406941,20.2730807,,,,,,,,
Sablon,25/05/2022 17:00,9.08406941,20.288537,,,,,,,,
Sablon,25/05/2022 17:10,9.10014417,20.3200468,,,,,,,,
Sablon,25/05/2022 17:20,9.10014417,20.3354606,,,,,,,,
Sablon,25/05/2022 17:30,9.10014417,20.3508533,,,,,,,,
Sablon,25/05/2022 17:40,9.10014417,20.366225,,,,,,,,
Sablon,25/05/2022 17:50,9.10014417,20.3815757,,,,,,,,
Sablon,25/05/2022 18:00,9.10014417,20.3969056,,,,,,,,
Sablon,25/05/2022 18:10,9.10703793,20.4191085,,,,,,,,
Sablon,25/05/2022 18:20,9.10703793,20.4343969,,,,,,,,
Sablon,25/05/2022 18:30,9.10703793,20.4496646,,,,,,,,
Sablon,25/05/2022 18:40,9.10703793,20.4649119,,,,,,,,
Sablon,25/05/2022 18:50,9.10703793,20.4801387,,,,,,,,
Sablon,25/05/2022 19:00,9.10703793,20.4953452,,,,,,,,
Sablon,25/05/2022 19:10,9.14951205,20.5530055,,,,,,,,
Sablon,25/05/2022 19:20,9.14951205,20.5681715,,,,,,,,
Sablon,25/05/2022 19:30,9.14951205,20.5833174,,,,,,,,
Sablon,25/05/2022 19:40,9.14951205,20.5984432,,,,,,,,
Sablon,25/05/2022 19:50,9.14951205,20.6135491,,,,,,,,
Sablon,25/05/2022 20:00,9.14951205,20.6286351,,,,,,,,
Sablon,25/05/2022 20:10,9.16938376,20.6635731,,,,,,,,
Sablon,25/05/2022 20:20,9.16938376,20.6786195,,,,,,,,
Sablon,25/05/2022 20:30,9.16938376,20.6936464,,,,,,,,
Sablon,25/05/2022 20:40,9.16938376,20.7086536,,,,,,,,
Sablon,25/05/2022 20:50,9.16938376,20.7236414,,,,,,,,
Sablon,25/05/2022 21:00,9.16938376,20.7386098,,,,,,,,
Sablon,25/05/2022 21:10,9.17518204,20.7593571,,,,,,,,
Sablon,25/05/2022 21:20,9.17518204,20.7742868,,,,,,,,
Sablon,25/05/2022 21:30,9.17518204,20.7891974,,,,,,,,
Sablon,25/05/2022 21:40,9.17518204,20.8040888,,,,,,,,
Sablon,25/05/2022 21:50,9.17518204,20.8189612,,,,,,,,
Sablon,25/05/2022 22:00,9.17518204,20.8338147,,,,,,,,
Sablon,25/05/2022 22:10,9.1829656,20.8564328,,,,,,,,
Sablon,25/05/2022 22:20,9.1829656,20.8712485,,,,,,,,
Sablon,25/05/2022 22:30,9.1829656,20.8860454,,,,,,,,
Sablon,25/05/2022 22:40,9.1829656,20.9008237,,,,,,,,
Sablon,25/05/2022 22:50,9.1829656,20.9155833,,,,,,,,
Sablon,25/05/2022 23:00,9.1829656,20.9303244,,,,,,,,
Sablon,25/05/2022 23:10,9.19675313,20.9588346,,,,,,,,
Sablon,25/05/2022 23:20,9.19675313,20.9735388,,,,,,,,
Sablon,25/05/2022 23:30,9.19675313,20.9882247,,,,,,,,
Sablon,25/05/2022 23:40,9.19675313,21.0028923,,,,,,,,
Sablon,25/05/2022 23:50,9.19675313,21.0175417,,,,,,,,
Temple,25/05/2022 00:00,5.08100285,7.67041437,,,,,,,,
Temple,25/05/2022 00:10,5.06931974,7.65886963,,,,,,,,
Temple,25/05/2022 00:20,5.05962187,7.64930738,,,,,,,,
Temple,25/05/2022 00:30,5.04991907,7.63973751,,,,,,,,
Temple,25/05/2022 00:40,5.04021153,7.63016025,,,,,,,,
Temple,25/05/2022 00:50,5.0304994,7.62057582,,,,,,,,
Temple,25/05/2022 01:00,5.02078288,7.61098446,,,,,,,,
Temple,25/05/2022 01:10,5.00900965,7.59933389,,,,,,,,
Temple,25/05/2022 01:20,4.99928486,7.58972933,,,,,,,,
Temple,25/05/2022 01:30,4.9895562,7.5801185,,,,,,,,
Temple,25/05/2022 01:40,4.97982385,7.57050165,,,,,,,,
Temple,25/05/2022 01:50,4.97008798,7.56087897,,,,,,,,
Temple,25/05/2022 02:00,4.96034877,7.55125071,,,,,,,,
Temple,25/05/2022 02:10,4.94710262,7.53811331,,,,,,,,
Temple,25/05/2022 02:20,4.93735726,7.52847452,,,,,,,,
Temple,25/05/2022 02:30,4.92760908,7.51883081,,,,,,,,
Temple,25/05/2022 02:40,4.91785827,7.50918239,,,,,,,,
Temple,25/05/2022 02:50,4.90810501,7.49952948,,,,,,,,
Temple,25/05/2022 03:00,4.89834946,7.48987229,,,,,,,,
Temple,25/05/2022 03:10,4.8885918,7.48021104,,,,,,,,
Temple,25/05/2022 03:20,4.87883222,7.47054594,,,,,,,,
Temple,25/05/2022 03:30,4.86907089,7.46087722,,,,,,,,
Temple,25/05/2022 03:40,4.85930798,7.45120509,,,,,,,,
Temple,25/05/2022 03:50,4.84954368,7.44152975,,,,,,,,
Temple,25/05/2022 04:00,4.83977815,7.43185142,,,,,,,,
Temple,25/05/2022 04:10,4.83221958,7.42437832,,,,,,,,
Temple,25/05/2022 04:20,4.82245214,7.41469465,,,,,,,,
Temple,25/05/2022 04:30,4.81268402,7.40500863,,,,,,,,
Temple,25/05/2022 04:40,4.80291538,7.39532047,,,,,,,,
Temple,25/05/2022 04:50,4.79314641,7.38563037,,,,,,,,
Temple,25/05/2022 05:00,4.78337727,7.37593855,,,,,,,,
Temple,25/05/2022 05:10,4.77436487,7.36700192,,,,,,,,
Temple,25/05/2022 05:20,4.76459595,7.35730727,,,,,,,,
Temple,25/05/2022 05:30,4.75482741,7.34761151,,,,,,,,
Temple,25/05/2022 05:40,4.74505941,7.33791486,,,,,,,,
Temple,25/05/2022 05:50,4.73529213,7.32821752,,,,,,,,
Temple,25/05/2022 06:00,4.72552576,7.31851969,,,,,,,,
Temple,25/05/2022 06:10,4.71526289,7.30832399,,,,,,,,
Temple,25/05/2022 06:20,4.70549885,7.29862581,,,,,,,,
Temple,25/05/2022 06:30,4.69573625,7.28892774,,,,,,,,
Temple,25/05/2022 06:40,4.68597526,7.27923001,,,,,,,,
Temple,25/05/2022 06:50,4.67621605,7.2695328,,,,,,,,
Temple,25/05/2022 07:00,4.66645881,7.25983633,,,,,,,,
Temple,25/05/2022 07:10,4.65793734,7.25137443,,,,,,,,
Temple,25/05/2022 07:20,4.64818456,7.24168002,,,,,,,,
Temple,25/05/2022 07:30,4.63843427,7.23198695,,,,,,,,
Temple,25/05/2022 07:40,4.62868665,7.22229542,,,,,,,,
Temple,25/05/2022 07:50,4.61894188,7.21260561,,,,,,,,
Temple,25/05/2022 08:00,4.60920013,7.20291774,,,,,,,,
Temple,25/05/2022 08:10,4.59754392,7.19131434,,,,,,,,
Temple,25/05/2022 08:20,4.58780874,7.18163093,,,,,,,,
Temple,25/05/2022 08:30,4.57807712,7.17195004,,,,,,,,
Temple,25/05/2022 08:40,4.56834922,7.16227187,,,,,,,,
Temple,25/05/2022 08:50,4.55862523,7.15259662,,,,,,,,
Temple,25/05/2022 09:00,4.54890532,7.14292448,,,,,,,,
Temple,25/05/2022 09:10,4.54036115,7.13442713,,,,,,,,
Temple,25/05/2022 09:20,4.53064993,7.12476181,,,,,,,,
Temple,25/05/2022 09:30,4.52094332,7.11510018,,,,,,,,
Temple,25/05/2022 09:40,4.51124149,7.10544243,,,,,,,,
Temple,25/05/2022 09:50,4.50154462,7.09578878,,,,,,,,
Temple,25/05/2022 10:00,4.49185288,7.0861394,,,,,,,,
Temple,25/05/2022 10:10,4.48543191,7.07975994,,,,,,,,
Temple,25/05/2022 10:20,4.47575097,7.0701197,,,,,,,,
Temple,25/05/2022 10:30,4.46607569,7.0604843,,,,,,,,
Temple,25/05/2022 10:40,4.45640625,7.05085395,,,,,,,,
Temple,25/05/2022 10:50,4.44674282,7.04122884,,,,,,,,
Temple,25/05/2022 11:00,4.43708558,7.03160915,,,,,,,,
Temple,25/05/2022 11:10,4.43362338,7.02818377,,,,,,,,
Temple,25/05/2022 11:20,4.42397903,7.0185755,,,,,,,,
Temple,25/05/2022 11:30,4.4143414,7.00897322,,,,,,,,
Temple,25/05/2022 11:40,4.40471064,6.99937713,,,,,,,,
Temple,25/05/2022 11:50,4.39508695,6.98978741,,,,,,,,
Temple,25/05/2022 12:00,4.38547049,6.98020425,,,,,,,,
Temple,25/05/2022 12:10,4.37968662,6.97445302,,,,,,,,
Temple,25/05/2022 12:20,4.37008515,6.96488354,,,,,,,,
Temple,25/05/2022 12:30,4.36049143,6.95532118,,,,,,,,
Temple,25/05/2022 12:40,4.35090564,6.94576612,,,,,,,,
Temple,25/05/2022 12:50,4.34132796,6.93621856,,,,,,,,
Temple,25/05/2022 13:00,4.33175854,6.92667867,,,,,,,,
Temple,25/05/2022 13:10,4.32693499,6.92188406,,,,,,,,
Temple,25/05/2022 13:20,4.31738264,6.91236008,,,,,,,,
Temple,25/05/2022 13:30,4.3078391,6.90284433,,,,,,,,
Temple,25/05/2022 13:40,4.29830451,6.893337,,,,,,,,
Temple,25/05/2022 13:50,4.28877907,6.88383827,,,,,,,,
Temple,25/05/2022 14:00,4.27926294,6.87434832,,,,,,,,
Temple,25/05/2022 14:10,4.27658767,6.87169871,,,,,,,,
Temple,25/05/2022 14:20,4.26709068,6.86222687,,,,,,,,
Temple,25/05/2022 14:30,4.25760352,6.85276436,,,,,,,,
Temple,25/05/2022 14:40,4.24812636,6.84331136,,,,,,,,
Temple,25/05/2022 14:50,4.23865937,6.83386805,,,,,,,,
Temple,25/05/2022 15:00,4.22920272,6.82443462,,,,,,,,
Temple,25/05/2022 15:10,4.22475311,6.82000777,,,,,,,,
Temple,25/05/2022 15:20,4.21531766,6.81059462,,,,,,,,
Temple,25/05/2022 15:30,4.20589306,6.80119188,,,,,,,,
Temple,25/05/2022 15:40,4.19647949,6.79179973,,,,,,,,
Temple,25/05/2022 15:50,4.18707711,6.78241836,,,,,,,,
Temple,25/05/2022 16:00,4.1776861,6.77304793,,,,,,,,
Temple,25/05/2022 16:10,4.16776756,6.76314956,,,,,,,,
Temple,25/05/2022 16:20,4.15839979,6.75380157,,,,,,,,
Temple,25/05/2022 16:30,4.1490439,6.74446505,,,,,,,,
Temple,25/05/2022 16:40,4.13970004,6.7351402,,,,,,,,
Temple,25/05/2022 16:50,4.1303684,6.72582718,,,,,,,,
Temple,25/05/2022 17:00,4.12104915,6.71652617,,,,,,,,
Temple,25/05/2022 17:10,4.10883987,6.70433479,,,,,,,,
Temple,25/05/2022 17:20,4.09954588,6.69505833,,,,,,,,
Temple,25/05/2022 17:30,4.09026478,6.68579441,,,,,,,,
Temple,25/05/2022 17:40,4.08099673,6.67654321,,,,,,,,
Temple,25/05/2022 17:50,4.0717419,6.66730489,,,,,,,,
Temple,25/05/2022 18:00,4.06250046,6.65807963,,,,,,,,
Temple,25/05/2022 18:10,4.0522774,6.64787244,,,,,,,,
Temple,25/05/2022 18:20,4.04306324,6.63867383,,,,,,,,
Temple,25/05/2022 18:30,4.03386297,6.62948879,,,,,,,,
Temple,25/05/2022 18:40,4.02467675,6.62031752,,,,,,,,
Temple,25/05/2022 18:50,4.01550476,6.61116016,,,,,,,,
Temple,25/05/2022 19:00,4.00634715,6.60201691,,,,,,,,
Temple,25/05/2022 19:10,3.98903547,6.58471929,,,,,,,,
Temple,25/05/2022 19:20,3.97990713,6.57560474,,,,,,,,
Temple,25/05/2022 19:30,3.97079368,6.5665048,,,,,,,,
Temple,25/05/2022 19:40,3.96169528,6.55741964,,,,,,,,
Temple,25/05/2022 19:50,3.95261209,6.54834943,,,,,,,,
Temple,25/05/2022 20:00,3.94354427,6.53929434,,,,,,,,
Temple,25/05/2022 20:10,3.93446078,6.53022332,,,,,,,,
Temple,25/05/2022 20:20,3.92542421,6.52119898,,,,,,,,
Temple,25/05/2022 20:30,3.91640351,6.51219026,,,,,,,,
Temple,25/05/2022 20:40,3.90739884,6.50319733,,,,,,,,
Temple,25/05/2022 20:50,3.89841035,6.49422036,,,,,,,,
Temple,25/05/2022 21:00,3.88943823,6.48525951,,,,,,,,
Temple,25/05/2022 21:10,3.88255578,6.47838813,,,,,,,,
Temple,25/05/2022 21:20,3.87361685,6.46946004,,,,,,,,
Temple,25/05/2022 21:30,3.86469476,6.46054857,,,,,,,,
Temple,25/05/2022 21:40,3.85578967,6.4516539,,,,,,,,
Temple,25/05/2022 21:50,3.84690175,6.44277618,,,,,,,,
Temple,25/05/2022 22:00,3.83803115,6.43391558,,,,,,,,
Temple,25/05/2022 22:10,3.82958226,6.4254765,,,,,,,,
Temple,25/05/2022 22:20,3.82074678,6.41665063,,,,,,,,
Temple,25/05/2022 22:30,3.81192911,6.40784238,,,,,,,,
Temple,25/05/2022 22:40,3.8031294,6.3990519,,,,,,,,
Temple,25/05/2022 22:50,3.7943478,6.39027936,,,,,,,,
Temple,25/05/2022 23:00,3.78558449,6.38152492,,,,,,,,
Temple,25/05/2022 23:10,3.77484927,6.3707984,,,,,,,,
Temple,25/05/2022 23:20,3.76612299,6.36208064,,,,,,,,
Temple,25/05/2022 23:30,3.75741547,6.35338147,,,,,,,,
Temple,25/05/2022 23:40,3.74872685,6.34470104,,,,,,,,
Temple,25/05/2022 23:50,3.7400573,6.33603951,,,,,,,,
